{"cameraMode":{"drawMode":0,"name":"Shaded","section":"Shading Mode"},"sceneLighting":true,"audioPlay":false,"sceneViewState":{"m_AlwaysRefresh":false,"showFog":true,"showSkybox":true,"showFlares":true,"showImageEffects":true,"showParticleSystems":true,"showVisualEffectGraphs":true,"m_FxEnabled":true},"in2DMode":false,"pivot":{"x":1.6945135593414307,"y":-0.4275078773498535,"z":-0.3982367515563965},"rotation":{"x":-0.06058395653963089,"y":-0.9236380457878113,"z":0.16407838463783265,"w":-0.3410413861274719},"size":3.599994421005249,"orthographic":true}